id,Address,City,State,Zip
168,5055 Carmichael Road,Montgomery,AL,36106
167,11120 Memorial Pkwy. SW,Huntsville,AL,35803
166,8969 Highway 20,Madison,AL,35758
165,103 Inverness Corners,Hoover,AL,35242
164,4319 University Dr.,Huntsville,AL,35816
257,1919 West Sunset Ave.,Springdale,AR,72764
256,1605 Red Wolf Blvd.,Jonesboro,AR,72401
255,2709 West Walnut,Rogers,AR,72756
254,2548 N. College Ave.,Fayetteville,AR,72703
253,7010 Rogers Ave.,Fort Smith,AR,72903
252,129 Arkansas Blvd.,Texarkana,AR,71854
251,3521 Central Ave.,Hot Springs,AR,71913
250,11815 Maralynn Drive,Little Rock,AR,72211
249,3421 John F. Kennedy Blvd.,North Little Rock,AR,72116
